CollgCr,
Veenker,
CollgCr,
Crawfor,
NoRidge,
Mitchel,
Somerst,
NWAmes,
OldTown,
BrkSide,
Sawyer,
NridgHt,
Sawyer,
CollgCr,
NAmes,
BrkSide,
NAmes,
Sawyer,
SawyerW,
NAmes,
NridgHt,
IDOTRR,
CollgCr,
MeadowV,
Sawyer,
NridgHt,
NAmes,
NridgHt,
NAmes,
BrkSide,
IDOTRR,
Sawyer,
CollgCr,
NAmes,
NridgHt,
NridgHt,
CollgCr,
NAmes,
NAmes,
Edwards,
NAmes,
Timber,
SawyerW,
CollgCr,
NAmes,
NridgHt,
Mitchel,
Somerst,
OldTown,
Sawyer,
Gilbert,
BrkSide,
IDOTRR,
Veenker,
NAmes,
NAmes,
Somerst,
CollgCr,
StoneBr,
CollgCr,
SawyerW,
IDOTRR,
NridgHt,
OldTown,
CollgCr,
NridgHt,
NAmes,
CollgCr,
OldTown,
ClearCr,
NAmes,
Mitchel,
Gilbert,
NAmes,
OldTown,
MeadowV,
NAmes,
BrkSide,
Sawyer,
OldTown,
NAmes,
Mitchel,
Somerst,
NAmes,
Gilbert,
NoRidge,
Gilbert,
Somerst,
IDOTRR,
CollgCr,
NAmes,
NAmes,
Crawfor,
OldTown,
CollgCr,
Gilbert,
CollgCr,
Edwards,
Edwards,
NAmes,
NWAmes,
SawyerW,
SawyerW,
CollgCr,
IDOTRR,
Somerst,
OldTown,
OldTown,
IDOTRR,
NWAmes,
Edwards,
Gilbert,
CollgCr,
Crawfor,
Crawfor,
Somerst,
Sawyer,
Edwards,
SawyerW,
CollgCr,
ClearCr,
IDOTRR,
NAmes,
SawyerW,
NWAmes,
IDOTRR,
NPkVill,
OldTown,
NAmes,
NAmes,
NAmes,
Gilbert,
NAmes,
Timber,
Sawyer,
NWAmes,
NAmes,
Mitchel,
CollgCr,
CollgCr,
NAmes,
CollgCr,
NAmes,
CollgCr,
Sawyer,
Edwards,
BrkSide,
Gilbert,
SawyerW,
BrkSide,
CollgCr,
NridgHt,
NWAmes,
ClearCr,
OldTown,
Edwards,
NAmes,
Timber,
Somerst,
Gilbert,
Veenker,
NridgHt,
NridgHt,
OldTown,
OldTown,
Edwards,
ClearCr,
NridgHt,
Gilbert,
Timber,
OldTown,
NAmes,
StoneBr,
NAmes,
Timber,
Edwards,
ClearCr,
Sawyer,
StoneBr,
OldTown,
Somerst,
Crawfor,
Edwards,
OldTown,
BrkSide,
OldTown,
Mitchel,
OldTown,
SawyerW,
StoneBr,
Crawfor,
NAmes,
CollgCr,
Edwards,
CollgCr,
NPkVill,
Somerst,
NAmes,
OldTown,
NridgHt,
Edwards,
Mitchel,
OldTown,
CollgCr,
OldTown,
Gilbert,
Sawyer,
NAmes,
SawyerW,
NAmes,
Edwards,
Edwards,
Somerst,
CollgCr,
CollgCr,
NAmes,
CollgCr,
OldTown,
Crawfor,
Blmngtn,
CollgCr,
Gilbert,
NWAmes,
NAmes,
NridgHt,
BrDale,
NoRidge,
BrDale,
Sawyer,
Blmngtn,
NAmes,
NoRidge,
BrDale,
CollgCr,
Gilbert,
BrDale,
CollgCr,
SawyerW,
NridgHt,
Edwards,
Somerst,
OldTown,
OldTown,
SawyerW,
SawyerW,
NWAmes,
OldTown,
NAmes,
CollgCr,
ClearCr,
BrkSide,
Crawfor,
SawyerW,
NAmes,
NAmes,
Gilbert,
Somerst,
CollgCr,
CollgCr,
OldTown,
NAmes,
CollgCr,
Sawyer,
OldTown,
OldTown,
NWAmes,
Gilbert,
SWISU,
IDOTRR,
Edwards,
Somerst,
ClearCr,
NoRidge,
NAmes,
Mitchel,
BrkSide,
Mitchel,
Gilbert,
NridgHt,
ClearCr,
SawyerW,
Somerst,
NridgHt,
Somerst,
SawyerW,
Somerst,
NAmes,
NAmes,
Sawyer,
BrkSide,
CollgCr,
SWISU,
Edwards,
NWAmes,
NAmes,
Mitchel,
IDOTRR,
Somerst,
NWAmes,
Crawfor,
Crawfor,
CollgCr,
CollgCr,
CollgCr,
OldTown,
CollgCr,
SawyerW,
IDOTRR,
Edwards,
NridgHt,
Gilbert,
NAmes,
OldTown,
Timber,
OldTown,
Gilbert,
NWAmes,
Somerst,
NoRidge,
NWAmes,
NridgHt,
NridgHt,
SawyerW,
OldTown,
NAmes,
IDOTRR,
Veenker,
NAmes,
BrkSide,
IDOTRR,
NAmes,
NAmes,
NridgHt,
NridgHt,
Gilbert,
Timber,
StoneBr,
CollgCr,
NWAmes,
NAmes,
Timber,
SawyerW,
NAmes,
NridgHt,
MeadowV,
BrkSide,
NAmes,
NAmes,
NridgHt,
NridgHt,
NridgHt,
ClearCr,
Edwards,
OldTown,
SWISU,
CollgCr,
Gilbert,
MeadowV,
ClearCr,
NoRidge,
Mitchel,
BrkSide,
Edwards,
BrDale,
NWAmes,
IDOTRR,
NAmes,
NAmes,
NAmes,
NAmes,
Gilbert,
ClearCr,
SawyerW,
NAmes,
CollgCr,
Edwards,
CollgCr,
Somerst,
StoneBr,
Gilbert,
SWISU,
Somerst,
CollgCr,
SawyerW,
ClearCr,
Blmngtn,
Edwards,
Edwards,
CollgCr,
NridgHt,
Edwards,
Mitchel,
NAmes,
BrkSide,
OldTown,
Edwards,
CollgCr,
NAmes,
IDOTRR,
Somerst,
Veenker,
CollgCr,
Sawyer,
NoRidge,
Gilbert,
Sawyer,
SWISU,
Crawfor,
NridgHt,
Somerst,
Edwards,
Gilbert,
Somerst,
OldTown,
SawyerW,
Gilbert,
Sawyer,
Crawfor,
Edwards,
NAmes,
Mitchel,
NWAmes,
Mitchel,
NoRidge,
NAmes,
OldTown,
SawyerW,
NAmes,
CollgCr,
Timber,
BrDale,
OldTown,
BrDale,
Gilbert,
MeadowV,
CollgCr,
OldTown,
BrkSide,
Crawfor,
Edwards,
NridgHt,
Edwards,
BrkSide,
Blmngtn,
CollgCr,
Edwards,
NAmes,
Gilbert,
IDOTRR,
OldTown,
OldTown,
ClearCr,
Timber,
Somerst,
Mitchel,
NWAmes,
OldTown,
ClearCr,
OldTown,
BrkSide,
Somerst,
SWISU,
Sawyer,
Crawfor,
CollgCr,
Blmngtn,
NAmes,
NAmes,
NridgHt,
SawyerW,
StoneBr,
NWAmes,
Edwards,
NridgHt,
StoneBr,
Sawyer,
CollgCr,
NridgHt,
CollgCr,
OldTown,
NridgHt,
NridgHt,
OldTown,
Mitchel,
Sawyer,
NAmes,
NAmes,
NWAmes,
OldTown,
MeadowV,
MeadowV,
NAmes,
Gilbert,
NAmes,
OldTown,
IDOTRR,
NoRidge,
BrkSide,
Sawyer,
NAmes,
BrDale,
Somerst,
Edwards,
Crawfor,
NPkVill,
OldTown,
SawyerW,
Somerst,
OldTown,
NAmes,
NAmes,
NridgHt,
NAmes,
Mitchel,
Crawfor,
NridgHt,
NWAmes,
NoRidge,
CollgCr,
Crawfor,
OldTown,
NAmes,
BrkSide,
Edwards,
NoRidge,
Somerst,
NAmes,
NridgHt,
Edwards,
Crawfor,
Timber,
BrkSide,
NAmes,
BrkSide,
Gilbert,
Edwards,
CollgCr,
NAmes,
Sawyer,
CollgCr,
Timber,
NoRidge,
NWAmes,
NAmes,
Gilbert,
NWAmes,
BrkSide,
Mitchel,
OldTown,
Somerst,
NPkVill,
OldTown,
NridgHt,
Edwards,
NridgHt,
BrkSide,
NAmes,
IDOTRR,
Gilbert,
Blmngtn,
Sawyer,
Mitchel,
Edwards,
Edwards,
NoRidge,
SWISU,
StoneBr,
NridgHt,
SawyerW,
NAmes,
NAmes,
NAmes,
Timber,
Gilbert,
NAmes,
NAmes,
SWISU,
Sawyer,
Somerst,
OldTown,
NAmes,
NridgHt,
Edwards,
OldTown,
BrkSide,
Timber,
BrkSide,
Sawyer,
ClearCr,
BrkSide,
CollgCr,
NridgHt,
Mitchel,
CollgCr,
CollgCr,
StoneBr,
OldTown,
Blmngtn,
Crawfor,
Blueste,
NridgHt,
IDOTRR,
SawyerW,
Somerst,
CollgCr,
NAmes,
CollgCr,
Edwards,
Crawfor,
Sawyer,
CollgCr,
NWAmes,
CollgCr,
Mitchel,
MeadowV,
NAmes,
Gilbert,
NAmes,
NridgHt,
Timber,
Edwards,
NWAmes,
Sawyer,
Somerst,
NWAmes,
NAmes,
NAmes,
NAmes,
NAmes,
NAmes,
OldTown,
NridgHt,
NWAmes,
NAmes,
OldTown,
SWISU,
BrkSide,
OldTown,
Edwards,
Blmngtn,
NridgHt,
Somerst,
NAmes,
NWAmes,
Somerst,
NAmes,
NAmes,
Edwards,
NAmes,
MeadowV,
Somerst,
Edwards,
CollgCr,
IDOTRR,
NoRidge,
BrDale,
NAmes,
Crawfor,
NAmes,
Edwards,
NWAmes,
NoRidge,
NAmes,
Edwards,
Somerst,
Gilbert,
NAmes,
SawyerW,
Sawyer,
Crawfor,
CollgCr,
Edwards,
Veenker,
Crawfor,
NAmes,
NPkVill,
OldTown,
OldTown,
StoneBr,
Sawyer,
SawyerW,
SWISU,
ClearCr,
CollgCr,
NoRidge,
StoneBr,
Somerst,
Somerst,
StoneBr,
NridgHt,
CollgCr,
NoRidge,
Timber,
OldTown,
BrkSide,
Timber,
BrkSide,
Edwards,
Sawyer,
Somerst,
Timber,
NWAmes,
StoneBr,
OldTown,
CollgCr,
IDOTRR,
ClearCr,
NridgHt,
Gilbert,
Sawyer,
BrkSide,
IDOTRR,
StoneBr,
BrkSide,
Sawyer,
NWAmes,
OldTown,
NWAmes,
NoRidge,
CollgCr,
StoneBr,
CollgCr,
NAmes,
Edwards,
Edwards,
NAmes,
Crawfor,
CollgCr,
NAmes,
IDOTRR,
StoneBr,
Timber,
CollgCr,
Sawyer,
Sawyer,
OldTown,
NAmes,
Gilbert,
Edwards,
CollgCr,
OldTown,
Sawyer,
SawyerW,
Sawyer,
StoneBr,
NWAmes,
Gilbert,
OldTown,
NoRidge,
Edwards,
OldTown,
Gilbert,
CollgCr,
NridgHt,
NAmes,
Somerst,
CollgCr,
Sawyer,
Somerst,
NoRidge,
NAmes,
BrkSide,
Somerst,
NoRidge,
Veenker,
Somerst,
NWAmes,
Mitchel,
CollgCr,
StoneBr,
Sawyer,
Edwards,
Edwards,
NAmes,
NridgHt,
Mitchel,
CollgCr,
Sawyer,
SawyerW,
Mitchel,
Gilbert,
SawyerW,
CollgCr,
Mitchel,
OldTown,
NWAmes,
OldTown,
SawyerW,
OldTown,
ClearCr,
Blmngtn,
Mitchel,
NoRidge,
Somerst,
Gilbert,
SawyerW,
Sawyer,
NAmes,
NridgHt,
SWISU,
ClearCr,
IDOTRR,
CollgCr,
NridgHt,
NAmes,
Somerst,
NAmes,
BrkSide,
NAmes,
OldTown,
NWAmes,
CollgCr,
IDOTRR,
NAmes,
Edwards,
CollgCr,
NAmes,
Mitchel,
ClearCr,
NridgHt,
CollgCr,
OldTown,
Gilbert,
SWISU,
Somerst,
NridgHt,
BrkSide,
SawyerW,
ClearCr,
Somerst,
NAmes,
Somerst,
CollgCr,
NAmes,
NAmes,
Sawyer,
OldTown,
BrDale,
CollgCr,
Edwards,
SWISU,
OldTown,
NAmes,
NAmes,
OldTown,
Sawyer,
SawyerW,
CollgCr,
ClearCr,
Veenker,
CollgCr,
Blmngtn,
Crawfor,
NAmes,
Sawyer,
Sawyer,
CollgCr,
Gilbert,
NWAmes,
NWAmes,
Crawfor,
Sawyer,
SawyerW,
NAmes,
Somerst,
NAmes,
Timber,
Sawyer,
Gilbert,
SawyerW,
NAmes,
CollgCr,
NAmes,
NAmes,
OldTown,
Somerst,
Mitchel,
NridgHt,
Sawyer,
CollgCr,
Edwards,
Timber,
Gilbert,
SWISU,
NAmes,
Somerst,
NAmes,
Edwards,
NAmes,
NAmes,
NAmes,
Sawyer,
Sawyer,
Sawyer,
SawyerW,
NAmes,
IDOTRR,
SawyerW,
NridgHt,
Sawyer,
NAmes,
NAmes,
Gilbert,
Gilbert,
Sawyer,
NAmes,
Somerst,
Crawfor,
Mitchel,
Gilbert,
NAmes,
CollgCr,
BrkSide,
Crawfor,
Somerst,
MeadowV,
IDOTRR,
Edwards,
SawyerW,
NAmes,
SawyerW,
Edwards,
Gilbert,
SawyerW,
NWAmes,
NWAmes,
NridgHt,
NWAmes,
CollgCr,
Gilbert,
Timber,
NAmes,
Somerst,
CollgCr,
NAmes,
BrkSide,
SawyerW,
Somerst,
CollgCr,
ClearCr,
Mitchel,
Gilbert,
Edwards,
Mitchel,
Timber,
OldTown,
NAmes,
Timber,
CollgCr,
NWAmes,
NAmes,
SawyerW,
CollgCr,
Mitchel,
Edwards,
Crawfor,
Blueste,
Sawyer,
CollgCr,
Somerst,
BrkSide,
NWAmes,
NPkVill,
CollgCr,
Timber,
Gilbert,
Crawfor,
NAmes,
OldTown,
NAmes,
NAmes,
NridgHt,
SawyerW,
Somerst,
BrkSide,
Somerst,
BrkSide,
Somerst,
Edwards,
Sawyer,
NAmes,
NoRidge,
Blmngtn,
CollgCr,
Mitchel,
Edwards,
OldTown,
NridgHt,
NWAmes,
Somerst,
NoRidge,
OldTown,
NAmes,
CollgCr,
NridgHt,
BrkSide,
NAmes,
NWAmes,
IDOTRR,
CollgCr,
Edwards,
OldTown,
Somerst,
NWAmes,
Blmngtn,
CollgCr,
NAmes,
MeadowV,
Mitchel,
SWISU,
Sawyer,
Edwards,
Crawfor,
OldTown,
NAmes,
NWAmes,
CollgCr,
StoneBr,
Gilbert,
Blmngtn,
Edwards,
CollgCr,
OldTown,
Blmngtn,
Timber,
CollgCr,
NAmes,
Timber,
NAmes,
BrDale,
SWISU,
SWISU,
NoRidge,
CollgCr,
Crawfor,
Edwards,
Timber,
CollgCr,
MeadowV,
MeadowV,
Sawyer,
NWAmes,
NridgHt,
SawyerW,
NWAmes,
Edwards,
StoneBr,
CollgCr,
Mitchel,
Edwards,
Gilbert,
CollgCr,
NAmes,
Edwards,
CollgCr,
NWAmes,
NridgHt,
NoRidge,
NridgHt,
Crawfor,
StoneBr,
IDOTRR,
OldTown,
OldTown,
NAmes,
ClearCr,
Gilbert,
NAmes,
MeadowV,
NAmes,
NAmes,
NWAmes,
Edwards,
Edwards,
CollgCr,
Crawfor,
OldTown,
NAmes,
CollgCr,
CollgCr,
NWAmes,
Sawyer,
CollgCr,
NAmes,
Gilbert,
SawyerW,
MeadowV,
Somerst,
Edwards,
Somerst,
NAmes,
Somerst,
SWISU,
NAmes,
NAmes,
CollgCr,
IDOTRR,
StoneBr,
BrkSide,
NWAmes,
SWISU,
NAmes,
NAmes,
NAmes,
BrDale,
NoRidge,
SawyerW,
Gilbert,
Gilbert,
NridgHt,
Gilbert,
NWAmes,
NAmes,
NAmes,
OldTown,
NridgHt,
Gilbert,
Sawyer,
Sawyer,
NAmes,
IDOTRR,
CollgCr,
Edwards,
Edwards,
Gilbert,
NAmes,
Blmngtn,
Gilbert,
Gilbert,
OldTown,
SWISU,
Mitchel,
OldTown,
SawyerW,
Gilbert,
BrkSide,
NAmes,
Sawyer,
Mitchel,
BrkSide,
NAmes,
NWAmes,
CollgCr,
Sawyer,
Edwards,
BrkSide,
SawyerW,
Crawfor,
OldTown,
OldTown,
NAmes,
Edwards,
Crawfor,
IDOTRR,
NAmes,
Veenker,
NAmes,
NridgHt,
Somerst,
NWAmes,
NPkVill,
Crawfor,
Sawyer,
Sawyer,
Veenker,
NridgHt,
CollgCr,
Gilbert,
Edwards,
NoRidge,
Mitchel,
NAmes,
Somerst,
ClearCr,
Crawfor,
NoRidge,
Mitchel,
OldTown,
Crawfor,
Edwards,
Timber,
Crawfor,
NoRidge,
OldTown,
Timber,
Edwards,
OldTown,
NoRidge,
CollgCr,
Gilbert,
Mitchel,
Somerst,
OldTown,
Mitchel,
Sawyer,
Gilbert,
Gilbert,
OldTown,
CollgCr,
Sawyer,
NAmes,
CollgCr,
BrkSide,
CollgCr,
NWAmes,
SawyerW,
SawyerW,
CollgCr,
NAmes,
Somerst,
SawyerW,
Gilbert,
Edwards,
Sawyer,
NAmes,
Sawyer,
Sawyer,
Somerst,
BrkSide,
BrDale,
NAmes,
Sawyer,
NAmes,
NAmes,
Gilbert,
NAmes,
Somerst,
NAmes,
NridgHt,
NAmes,
Sawyer,
NAmes,
NAmes,
NAmes,
SWISU,
Crawfor,
NridgHt,
CollgCr,
SawyerW,
Timber,
CollgCr,
Somerst,
NWAmes,
NridgHt,
Crawfor,
NWAmes,
Somerst,
Mitchel,
OldTown,
NAmes,
NAmes,
NridgHt,
Mitchel,
Veenker,
Edwards,
BrkSide,
NoRidge,
Edwards,
Gilbert,
NAmes,
Gilbert,
NAmes,
ClearCr,
BrkSide,
NAmes,
Somerst,
OldTown,
Timber,
Crawfor,
NAmes,
ClearCr,
NWAmes,
Sawyer,
Edwards,
Crawfor,
NAmes,
NWAmes,
NWAmes,
CollgCr,
IDOTRR,
CollgCr,
Timber,
CollgCr,
Mitchel,
SWISU,
BrkSide,
NWAmes,
ClearCr,
StoneBr,
NridgHt,
NAmes,
BrDale,
OldTown,
NWAmes,
Edwards,
NAmes,
NAmes,
Edwards,
Edwards,
NAmes,
Gilbert,
Crawfor,
NoRidge,
Somerst,
Edwards,
NridgHt,
NridgHt,
CollgCr,
OldTown,
SawyerW,
Crawfor,
CollgCr,
NoRidge,
NoRidge,
Edwards,
NAmes,
CollgCr,
Somerst,
CollgCr,
Edwards,
NAmes,
BrkSide,
NoRidge,
BrkSide,
Somerst,
IDOTRR,
Edwards,
Mitchel,
OldTown,
Gilbert,
Somerst,
CollgCr,
Edwards,
IDOTRR,
BrDale,
NWAmes,
NWAmes,
OldTown,
CollgCr,
CollgCr,
NAmes,
SawyerW,
CollgCr,
Crawfor,
CollgCr,
OldTown,
NWAmes,
Timber,
SawyerW,
OldTown,
NAmes,
NAmes,
BrkSide,
NoRidge,
CollgCr,
NWAmes,
NAmes,
NAmes,
Somerst,
NridgHt,
SWISU,
StoneBr,
NAmes,
Gilbert,
Somerst,
Somerst,
CollgCr,
MeadowV,
CollgCr,
CollgCr,
OldTown,
NAmes,
CollgCr,
NoRidge,
Somerst,
Timber,
SWISU,
Edwards,
BrDale,
Timber,
Edwards,
NAmes,
OldTown,
Sawyer,
Edwards,
IDOTRR,
NWAmes,
OldTown,
Gilbert,
BrkSide,
CollgCr,
NAmes,
NAmes,
OldTown,
Blmngtn,
Timber,
Timber,
BrkSide,
NAmes,
SWISU,
BrkSide,
Gilbert,
CollgCr,
Somerst,
OldTown,
Crawfor,
CollgCr,
Mitchel,
OldTown,
NWAmes,
CollgCr,
NAmes,
NAmes,
SawyerW,
BrkSide,
Blmngtn,
OldTown,
NoRidge,
NAmes,
Crawfor,
NWAmes,
NPkVill,
CollgCr,
Edwards,
NAmes,
NAmes,
NoRidge,
NAmes,
OldTown,
NWAmes,
Gilbert,
NPkVill,
OldTown,
Gilbert,
Mitchel,
NAmes,
NAmes,
NridgHt,
OldTown,
NWAmes,
Crawfor,
CollgCr,
Somerst,
BrkSide,
CollgCr,
Sawyer,
Mitchel,
CollgCr,
Edwards,
MeadowV,
NAmes,
Somerst,
Edwards,
Mitchel,
Somerst,
Gilbert,
NWAmes,
Crawfor,
NAmes,
Edwards,